date_recovered,province,cumulative_recovered,province_source,source
12-02-2020,Alberta,NA,Alberta,https://www.alberta.ca/covid-19-alberta-data.aspx
13-02-2020,Alberta,NA,BC,http://www.bccdc.ca/health-info/diseases-conditions/covid-19/case-counts-press-statements
14-02-2020,Alberta,NA,Manitoba,https://www.gov.mb.ca/covid19/index.html
15-02-2020,Alberta,NA,New Brunswick,https://www2.gnb.ca/content/gnb/en/departments/ocmoh/cdc/content/respiratory_diseases/coronavirus.html
16-02-2020,Alberta,NA,NL,https://www.gov.nl.ca/covid-19/
17-02-2020,Alberta,NA,Nova Scotia,https://novascotia.ca/coronavirus/#cases
18-02-2020,Alberta,NA,Nunavut,https://www.gov.nu.ca/
19-02-2020,Alberta,NA,NWT,https://www.hss.gov.nt.ca/en/services/coronavirus-disease-covid-19
20-02-2020,Alberta,NA,Ontario,https://www.ontario.ca/page/2019-novel-coronavirus#section-0
21-02-2020,Alberta,NA,PEI,https://www.princeedwardisland.ca/en/topic/covid-19
22-02-2020,Alberta,NA,Quebec,https://www.msss.gouv.qc.ca/professionnels/maladies-infectieuses/coronavirus-2019-ncov/
23-02-2020,Alberta,NA,Saskatchewan,https://www.saskatchewan.ca/government/health-care-administration-and-provider-resources/treatment-procedures-and-guidelines/emerging-public-health-issues/2019-novel-coronavirus/cases-and-risk-of-covid-19-in-saskatchewan
24-02-2020,Alberta,NA,Yukon,https://yukon.ca/en/information-about-novel-coronavirus-yukoners
25-02-2020,Alberta,NA,,
26-02-2020,Alberta,NA,,
27-02-2020,Alberta,NA,,
28-02-2020,Alberta,NA,,
29-02-2020,Alberta,NA,,
01-03-2020,Alberta,NA,,
02-03-2020,Alberta,NA,,
03-03-2020,Alberta,NA,,
04-03-2020,Alberta,NA,,
05-03-2020,Alberta,0,,
06-03-2020,Alberta,0,,
07-03-2020,Alberta,0,,
08-03-2020,Alberta,0,,
09-03-2020,Alberta,0,,
10-03-2020,Alberta,0,,
11-03-2020,Alberta,0,,
12-03-2020,Alberta,0,,
13-03-2020,Alberta,0,,
14-03-2020,Alberta,0,,
15-03-2020,Alberta,0,,
16-03-2020,Alberta,0,,
17-03-2020,Alberta,0,,
18-03-2020,Alberta,0,,
19-03-2020,Alberta,2,,
20-03-2020,Alberta,3,,
21-03-2020,Alberta,3,,
22-03-2020,Alberta,3,,
23-03-2020,Alberta,3,,
24-03-2020,Alberta,3,,
25-03-2020,Alberta,3,,
12-02-2020,BC,0,,
13-02-2020,BC,0,,
14-02-2020,BC,0,,
15-02-2020,BC,0,,
16-02-2020,BC,0,,
17-02-2020,BC,0,,
18-02-2020,BC,0,,
19-02-2020,BC,1,,
20-02-2020,BC,1,,
21-02-2020,BC,1,,
22-02-2020,BC,1,,
23-02-2020,BC,1,,
24-02-2020,BC,1,,
25-02-2020,BC,4,,
26-02-2020,BC,4,,
27-02-2020,BC,4,,
28-02-2020,BC,4,,
29-02-2020,BC,4,,
01-03-2020,BC,4,,
02-03-2020,BC,4,,
03-03-2020,BC,4,,
04-03-2020,BC,4,,
05-03-2020,BC,4,,
06-03-2020,BC,4,,
07-03-2020,BC,4,,
08-03-2020,BC,4,,
09-03-2020,BC,4,,
10-03-2020,BC,4,,
11-03-2020,BC,4,,
12-03-2020,BC,4,,
13-03-2020,BC,5,,
14-03-2020,BC,5,,
15-03-2020,BC,5,,
16-03-2020,BC,5,,
17-03-2020,BC,5,,
18-03-2020,BC,5,,
19-03-2020,BC,5,,
20-03-2020,BC,6,,
21-03-2020,BC,6,,
22-03-2020,BC,6,,
23-03-2020,BC,100,,
24-03-2020,BC,173,,
25-03-2020,BC,183,,
12-02-2020,Manitoba,NA,,
13-02-2020,Manitoba,NA,,
14-02-2020,Manitoba,NA,,
15-02-2020,Manitoba,NA,,
16-02-2020,Manitoba,NA,,
17-02-2020,Manitoba,NA,,
18-02-2020,Manitoba,NA,,
19-02-2020,Manitoba,NA,,
20-02-2020,Manitoba,NA,,
21-02-2020,Manitoba,NA,,
22-02-2020,Manitoba,NA,,
23-02-2020,Manitoba,NA,,
24-02-2020,Manitoba,NA,,
25-02-2020,Manitoba,NA,,
26-02-2020,Manitoba,NA,,
27-02-2020,Manitoba,NA,,
28-02-2020,Manitoba,NA,,
29-02-2020,Manitoba,NA,,
01-03-2020,Manitoba,NA,,
02-03-2020,Manitoba,NA,,
03-03-2020,Manitoba,NA,,
04-03-2020,Manitoba,NA,,
05-03-2020,Manitoba,NA,,
06-03-2020,Manitoba,NA,,
07-03-2020,Manitoba,NA,,
08-03-2020,Manitoba,NA,,
09-03-2020,Manitoba,NA,,
10-03-2020,Manitoba,NA,,
11-03-2020,Manitoba,NA,,
12-03-2020,Manitoba,0,,
13-03-2020,Manitoba,0,,
14-03-2020,Manitoba,0,,
15-03-2020,Manitoba,0,,
16-03-2020,Manitoba,0,,
17-03-2020,Manitoba,0,,
18-03-2020,Manitoba,0,,
19-03-2020,Manitoba,0,,
20-03-2020,Manitoba,0,,
21-03-2020,Manitoba,0,,
22-03-2020,Manitoba,0,,
23-03-2020,Manitoba,0,,
24-03-2020,Manitoba,0,,
25-03-2020,Manitoba,0,,
12-02-2020,New Brunswick,NA,,
13-02-2020,New Brunswick,NA,,
14-02-2020,New Brunswick,NA,,
15-02-2020,New Brunswick,NA,,
16-02-2020,New Brunswick,NA,,
17-02-2020,New Brunswick,NA,,
18-02-2020,New Brunswick,NA,,
19-02-2020,New Brunswick,NA,,
20-02-2020,New Brunswick,NA,,
21-02-2020,New Brunswick,NA,,
22-02-2020,New Brunswick,NA,,
23-02-2020,New Brunswick,NA,,
24-02-2020,New Brunswick,NA,,
25-02-2020,New Brunswick,NA,,
26-02-2020,New Brunswick,NA,,
27-02-2020,New Brunswick,NA,,
28-02-2020,New Brunswick,NA,,
29-02-2020,New Brunswick,NA,,
01-03-2020,New Brunswick,NA,,
02-03-2020,New Brunswick,NA,,
03-03-2020,New Brunswick,NA,,
04-03-2020,New Brunswick,NA,,
05-03-2020,New Brunswick,NA,,
06-03-2020,New Brunswick,NA,,
07-03-2020,New Brunswick,NA,,
08-03-2020,New Brunswick,NA,,
09-03-2020,New Brunswick,NA,,
10-03-2020,New Brunswick,NA,,
11-03-2020,New Brunswick,NA,,
12-03-2020,New Brunswick,0,,
13-03-2020,New Brunswick,0,,
14-03-2020,New Brunswick,0,,
15-03-2020,New Brunswick,0,,
16-03-2020,New Brunswick,0,,
17-03-2020,New Brunswick,0,,
18-03-2020,New Brunswick,0,,
19-03-2020,New Brunswick,0,,
20-03-2020,New Brunswick,0,,
21-03-2020,New Brunswick,0,,
22-03-2020,New Brunswick,0,,
23-03-2020,New Brunswick,0,,
24-03-2020,New Brunswick,0,,
25-03-2020,New Brunswick,0,,
12-02-2020,NL,NA,,
13-02-2020,NL,NA,,
14-02-2020,NL,NA,,
15-02-2020,NL,NA,,
16-02-2020,NL,NA,,
17-02-2020,NL,NA,,
18-02-2020,NL,NA,,
19-02-2020,NL,NA,,
20-02-2020,NL,NA,,
21-02-2020,NL,NA,,
22-02-2020,NL,NA,,
23-02-2020,NL,NA,,
24-02-2020,NL,NA,,
25-02-2020,NL,NA,,
26-02-2020,NL,NA,,
27-02-2020,NL,NA,,
28-02-2020,NL,NA,,
29-02-2020,NL,NA,,
01-03-2020,NL,NA,,
02-03-2020,NL,NA,,
03-03-2020,NL,NA,,
04-03-2020,NL,NA,,
05-03-2020,NL,NA,,
06-03-2020,NL,NA,,
07-03-2020,NL,NA,,
08-03-2020,NL,NA,,
09-03-2020,NL,NA,,
10-03-2020,NL,NA,,
11-03-2020,NL,NA,,
12-03-2020,NL,NA,,
13-03-2020,NL,NA,,
14-03-2020,NL,0,,
15-03-2020,NL,0,,
16-03-2020,NL,0,,
17-03-2020,NL,0,,
18-03-2020,NL,0,,
19-03-2020,NL,0,,
20-03-2020,NL,0,,
21-03-2020,NL,0,,
22-03-2020,NL,0,,
23-03-2020,NL,0,,
24-03-2020,NL,0,,
25-03-2020,NL,0,,
12-02-2020,Nova Scotia,NA,,
13-02-2020,Nova Scotia,NA,,
14-02-2020,Nova Scotia,NA,,
15-02-2020,Nova Scotia,NA,,
16-02-2020,Nova Scotia,NA,,
17-02-2020,Nova Scotia,NA,,
18-02-2020,Nova Scotia,NA,,
19-02-2020,Nova Scotia,NA,,
20-02-2020,Nova Scotia,NA,,
21-02-2020,Nova Scotia,NA,,
22-02-2020,Nova Scotia,NA,,
23-02-2020,Nova Scotia,NA,,
24-02-2020,Nova Scotia,NA,,
25-02-2020,Nova Scotia,NA,,
26-02-2020,Nova Scotia,NA,,
27-02-2020,Nova Scotia,NA,,
28-02-2020,Nova Scotia,NA,,
29-02-2020,Nova Scotia,NA,,
01-03-2020,Nova Scotia,NA,,
02-03-2020,Nova Scotia,NA,,
03-03-2020,Nova Scotia,NA,,
04-03-2020,Nova Scotia,NA,,
05-03-2020,Nova Scotia,NA,,
06-03-2020,Nova Scotia,NA,,
07-03-2020,Nova Scotia,NA,,
08-03-2020,Nova Scotia,NA,,
09-03-2020,Nova Scotia,NA,,
10-03-2020,Nova Scotia,NA,,
11-03-2020,Nova Scotia,NA,,
12-03-2020,Nova Scotia,NA,,
13-03-2020,Nova Scotia,NA,,
14-03-2020,Nova Scotia,NA,,
15-03-2020,Nova Scotia,0,,
16-03-2020,Nova Scotia,0,,
17-03-2020,Nova Scotia,0,,
18-03-2020,Nova Scotia,0,,
19-03-2020,Nova Scotia,0,,
20-03-2020,Nova Scotia,0,,
21-03-2020,Nova Scotia,0,,
22-03-2020,Nova Scotia,0,,
23-03-2020,Nova Scotia,0,,
24-03-2020,Nova Scotia,1,,
25-03-2020,Nova Scotia,2,,
12-02-2020,Ontario,1,,
13-02-2020,Ontario,1,,
14-02-2020,Ontario,1,,
15-02-2020,Ontario,1,,
16-02-2020,Ontario,1,,
17-02-2020,Ontario,1,,
18-02-2020,Ontario,1,,
19-02-2020,Ontario,1,,
20-02-2020,Ontario,2,,
21-02-2020,Ontario,3,,
22-02-2020,Ontario,3,,
23-02-2020,Ontario,3,,
24-02-2020,Ontario,3,,
25-02-2020,Ontario,3,,
26-02-2020,Ontario,3,,
27-02-2020,Ontario,3,,
28-02-2020,Ontario,3,,
29-02-2020,Ontario,3,,
01-03-2020,Ontario,3,,
02-03-2020,Ontario,3,,
03-03-2020,Ontario,3,,
04-03-2020,Ontario,3,,
05-03-2020,Ontario,4,,
06-03-2020,Ontario,4,,
07-03-2020,Ontario,4,,
08-03-2020,Ontario,4,,
09-03-2020,Ontario,5,,
10-03-2020,Ontario,5,,
11-03-2020,Ontario,5,,
12-03-2020,Ontario,5,,
13-03-2020,Ontario,5,,
14-03-2020,Ontario,5,,
15-03-2020,Ontario,5,,
16-03-2020,Ontario,5,,
17-03-2020,Ontario,5,,
18-03-2020,Ontario,5,,
19-03-2020,Ontario,5,,
20-03-2020,Ontario,5,,
21-03-2020,Ontario,6,,
22-03-2020,Ontario,8,,
23-03-2020,Ontario,8,,
24-03-2020,Ontario,8,,
25-03-2020,Ontario,8,,
12-02-2020,PEI,NA,,
13-02-2020,PEI,NA,,
14-02-2020,PEI,NA,,
15-02-2020,PEI,NA,,
16-02-2020,PEI,NA,,
17-02-2020,PEI,NA,,
18-02-2020,PEI,NA,,
19-02-2020,PEI,NA,,
20-02-2020,PEI,NA,,
21-02-2020,PEI,NA,,
22-02-2020,PEI,NA,,
23-02-2020,PEI,NA,,
24-02-2020,PEI,NA,,
25-02-2020,PEI,NA,,
26-02-2020,PEI,NA,,
27-02-2020,PEI,NA,,
28-02-2020,PEI,NA,,
29-02-2020,PEI,NA,,
01-03-2020,PEI,NA,,
02-03-2020,PEI,NA,,
03-03-2020,PEI,NA,,
04-03-2020,PEI,NA,,
05-03-2020,PEI,NA,,
06-03-2020,PEI,NA,,
07-03-2020,PEI,NA,,
08-03-2020,PEI,NA,,
09-03-2020,PEI,NA,,
10-03-2020,PEI,NA,,
11-03-2020,PEI,NA,,
12-03-2020,PEI,NA,,
13-03-2020,PEI,NA,,
14-03-2020,PEI,0,,
15-03-2020,PEI,0,,
16-03-2020,PEI,0,,
17-03-2020,PEI,0,,
18-03-2020,PEI,0,,
19-03-2020,PEI,0,,
20-03-2020,PEI,0,,
21-03-2020,PEI,0,,
22-03-2020,PEI,0,,
23-03-2020,PEI,0,,
24-03-2020,PEI,0,,
25-03-2020,PEI,0,,
12-02-2020,Quebec,NA,,
13-02-2020,Quebec,NA,,
14-02-2020,Quebec,NA,,
15-02-2020,Quebec,NA,,
16-02-2020,Quebec,NA,,
17-02-2020,Quebec,NA,,
18-02-2020,Quebec,NA,,
19-02-2020,Quebec,NA,,
20-02-2020,Quebec,NA,,
21-02-2020,Quebec,NA,,
22-02-2020,Quebec,NA,,
23-02-2020,Quebec,NA,,
24-02-2020,Quebec,NA,,
25-02-2020,Quebec,NA,,
26-02-2020,Quebec,NA,,
27-02-2020,Quebec,0,,
28-02-2020,Quebec,0,,
29-02-2020,Quebec,0,,
01-03-2020,Quebec,0,,
02-03-2020,Quebec,0,,
03-03-2020,Quebec,0,,
04-03-2020,Quebec,0,,
05-03-2020,Quebec,0,,
06-03-2020,Quebec,0,,
07-03-2020,Quebec,0,,
08-03-2020,Quebec,0,,
09-03-2020,Quebec,0,,
10-03-2020,Quebec,0,,
11-03-2020,Quebec,0,,
12-03-2020,Quebec,0,,
13-03-2020,Quebec,0,,
14-03-2020,Quebec,0,,
15-03-2020,Quebec,0,,
16-03-2020,Quebec,0,,
17-03-2020,Quebec,0,,
18-03-2020,Quebec,1,,
19-03-2020,Quebec,1,,
20-03-2020,Quebec,1,,
21-03-2020,Quebec,1,,
22-03-2020,Quebec,1,,
23-03-2020,Quebec,1,,
24-03-2020,Quebec,1,,
25-03-2020,Quebec,1,,
12-02-2020,Saskatchewan,NA,,
13-02-2020,Saskatchewan,NA,,
14-02-2020,Saskatchewan,NA,,
15-02-2020,Saskatchewan,NA,,
16-02-2020,Saskatchewan,NA,,
17-02-2020,Saskatchewan,NA,,
18-02-2020,Saskatchewan,NA,,
19-02-2020,Saskatchewan,NA,,
20-02-2020,Saskatchewan,NA,,
21-02-2020,Saskatchewan,NA,,
22-02-2020,Saskatchewan,NA,,
23-02-2020,Saskatchewan,NA,,
24-02-2020,Saskatchewan,NA,,
25-02-2020,Saskatchewan,NA,,
26-02-2020,Saskatchewan,NA,,
27-02-2020,Saskatchewan,NA,,
28-02-2020,Saskatchewan,NA,,
29-02-2020,Saskatchewan,NA,,
01-03-2020,Saskatchewan,NA,,
02-03-2020,Saskatchewan,NA,,
03-03-2020,Saskatchewan,NA,,
04-03-2020,Saskatchewan,NA,,
05-03-2020,Saskatchewan,NA,,
06-03-2020,Saskatchewan,NA,,
07-03-2020,Saskatchewan,NA,,
08-03-2020,Saskatchewan,NA,,
09-03-2020,Saskatchewan,NA,,
10-03-2020,Saskatchewan,NA,,
11-03-2020,Saskatchewan,NA,,
12-03-2020,Saskatchewan,0,,
13-03-2020,Saskatchewan,0,,
14-03-2020,Saskatchewan,0,,
15-03-2020,Saskatchewan,0,,
16-03-2020,Saskatchewan,0,,
17-03-2020,Saskatchewan,0,,
18-03-2020,Saskatchewan,0,,
19-03-2020,Saskatchewan,0,,
20-03-2020,Saskatchewan,0,,
21-03-2020,Saskatchewan,0,,
22-03-2020,Saskatchewan,0,,
23-03-2020,Saskatchewan,0,,
24-03-2020,Saskatchewan,0,,
25-03-2020,Saskatchewan,0,,
12-02-2020,NWT,NA,,
13-02-2020,NWT,NA,,
14-02-2020,NWT,NA,,
15-02-2020,NWT,NA,,
16-02-2020,NWT,NA,,
17-02-2020,NWT,NA,,
18-02-2020,NWT,NA,,
19-02-2020,NWT,NA,,
20-02-2020,NWT,NA,,
21-02-2020,NWT,NA,,
22-02-2020,NWT,NA,,
23-02-2020,NWT,NA,,
24-02-2020,NWT,NA,,
25-02-2020,NWT,NA,,
26-02-2020,NWT,NA,,
27-02-2020,NWT,NA,,
28-02-2020,NWT,NA,,
29-02-2020,NWT,NA,,
01-03-2020,NWT,NA,,
02-03-2020,NWT,NA,,
03-03-2020,NWT,NA,,
04-03-2020,NWT,NA,,
05-03-2020,NWT,NA,,
06-03-2020,NWT,NA,,
07-03-2020,NWT,NA,,
08-03-2020,NWT,NA,,
09-03-2020,NWT,NA,,
10-03-2020,NWT,NA,,
11-03-2020,NWT,NA,,
12-03-2020,NWT,NA,,
13-03-2020,NWT,NA,,
14-03-2020,NWT,NA,,
15-03-2020,NWT,NA,,
16-03-2020,NWT,NA,,
17-03-2020,NWT,NA,,
18-03-2020,NWT,NA,,
19-03-2020,NWT,NA,,
20-03-2020,NWT,NA,,
21-03-2020,NWT,0,,
22-03-2020,NWT,0,,
23-03-2020,NWT,0,,
24-03-2020,NWT,0,,
25-03-2020,NWT,0,,
12-02-2020,Nunavut,NA,,
13-02-2020,Nunavut,NA,,
14-02-2020,Nunavut,NA,,
15-02-2020,Nunavut,NA,,
16-02-2020,Nunavut,NA,,
17-02-2020,Nunavut,NA,,
18-02-2020,Nunavut,NA,,
19-02-2020,Nunavut,NA,,
20-02-2020,Nunavut,NA,,
21-02-2020,Nunavut,NA,,
22-02-2020,Nunavut,NA,,
23-02-2020,Nunavut,NA,,
24-02-2020,Nunavut,NA,,
25-02-2020,Nunavut,NA,,
26-02-2020,Nunavut,NA,,
27-02-2020,Nunavut,NA,,
28-02-2020,Nunavut,NA,,
29-02-2020,Nunavut,NA,,
01-03-2020,Nunavut,NA,,
02-03-2020,Nunavut,NA,,
03-03-2020,Nunavut,NA,,
04-03-2020,Nunavut,NA,,
05-03-2020,Nunavut,NA,,
06-03-2020,Nunavut,NA,,
07-03-2020,Nunavut,NA,,
08-03-2020,Nunavut,NA,,
09-03-2020,Nunavut,NA,,
10-03-2020,Nunavut,NA,,
11-03-2020,Nunavut,NA,,
12-03-2020,Nunavut,NA,,
13-03-2020,Nunavut,NA,,
14-03-2020,Nunavut,NA,,
15-03-2020,Nunavut,NA,,
16-03-2020,Nunavut,NA,,
17-03-2020,Nunavut,NA,,
18-03-2020,Nunavut,NA,,
19-03-2020,Nunavut,NA,,
20-03-2020,Nunavut,NA,,
21-03-2020,Nunavut,NA,,
22-03-2020,Nunavut,NA,,
23-03-2020,Nunavut,NA,,
24-03-2020,Nunavut,NA,,
25-03-2020,Nunavut,NA,,
12-02-2020,Yukon,NA,,
13-02-2020,Yukon,NA,,
14-02-2020,Yukon,NA,,
15-02-2020,Yukon,NA,,
16-02-2020,Yukon,NA,,
17-02-2020,Yukon,NA,,
18-02-2020,Yukon,NA,,
19-02-2020,Yukon,NA,,
20-02-2020,Yukon,NA,,
21-02-2020,Yukon,NA,,
22-02-2020,Yukon,NA,,
23-02-2020,Yukon,NA,,
24-02-2020,Yukon,NA,,
25-02-2020,Yukon,NA,,
26-02-2020,Yukon,NA,,
27-02-2020,Yukon,NA,,
28-02-2020,Yukon,NA,,
29-02-2020,Yukon,NA,,
01-03-2020,Yukon,NA,,
02-03-2020,Yukon,NA,,
03-03-2020,Yukon,NA,,
04-03-2020,Yukon,NA,,
05-03-2020,Yukon,NA,,
06-03-2020,Yukon,NA,,
07-03-2020,Yukon,NA,,
08-03-2020,Yukon,NA,,
09-03-2020,Yukon,NA,,
10-03-2020,Yukon,NA,,
11-03-2020,Yukon,NA,,
12-03-2020,Yukon,NA,,
13-03-2020,Yukon,NA,,
14-03-2020,Yukon,NA,,
15-03-2020,Yukon,NA,,
16-03-2020,Yukon,NA,,
17-03-2020,Yukon,NA,,
18-03-2020,Yukon,NA,,
19-03-2020,Yukon,NA,,
20-03-2020,Yukon,NA,,
21-03-2020,Yukon,NA,,
22-03-2020,Yukon,NA,,
23-03-2020,Yukon,0,,
24-03-2020,Yukon,0,,
25-03-2020,Yukon,0,,
